{"client_meta":{"background_color":{"r":0.11764705926179886,"g":0.11764705926179886,"b":0.11764705926179886,"a":1},"thumbnail_size":{"width":123,"height":400},"render_coordinates":{"x":-338.6292419433594,"y":101.71772003173828,"width":1921,"height":6251}},"file_name":"final [version 1.0].fig","developer_related_links":[],"exported_at":"2026-02-21T17:37:45.693Z"}